ID,Airline Name,Phone Number,Source URL
8,KLM Royal Dutch Airlines,800-375-8723,https://gethuman.com/phone-number/KLM-Royal-Dutch-Airlines
236,Qantas Airlines,800-227-4500,https://gethuman.com/phone-number/Qantas-Airlines
457,Delta Airlines,800-221-1212,https://gethuman.com/phone-number/Delta-Airlines
458,Delta Airlines Skymiles,800-323-2323,https://gethuman.com/phone-number/Delta-Airlines-Skymiles
1087,Cathay Pacific Airlines,Not Found,https://gethuman.com/phone-number/Cathay-Pacific-Airlines
1101,Cebu Pacific Airlines,Not Found,https://gethuman.com/phone-number/Cebu-Pacific-Airlines
1285,China Eastern Airlines,626-583-1500,https://gethuman.com/phone-number/China-Eastern-Airlines
1288,China Southern Airlines,323-653-8088,https://gethuman.com/phone-number/China-Southern-Airlines
1624,Condor Airlines,866-960-7915,https://gethuman.com/phone-number/Condor-Airlines
1662,Continental Airlines,800-864-8331,https://gethuman.com/phone-number/Continental-Airlines
1697,Copa Airlines,800-359-2672,https://gethuman.com/phone-number/Copa-Airlines
1919,Czech Airlines,Not Found,https://gethuman.com/phone-number/Czech-Airlines
2055,Vietnam Airlines,866-677-8909,https://gethuman.com/phone-number/Vietnam-Airlines
2139,Volaris Airlines,866-988-3527,https://gethuman.com/phone-number/Volaris-Airlines
2158,Vueling Airlines,+1 02035143971,https://gethuman.com/phone-number/Vueling-Airlines
2270,LATAM Airlines,866-435-9526,https://gethuman.com/phone-number/LATAM-Airlines
2803,Bangkok Airlines,Not Found,https://gethuman.com/phone-number/Bangkok-Airlines
3480,Brussels Airlines,800-401-1801,https://gethuman.com/phone-number/Brussels-Airlines
4606,Monarch Airlines,08719 40 50 40,https://gethuman.com/phone-number/Monarch-Airlines
4877,Japan Airlines,800-525-3663,https://gethuman.com/phone-number/Japan-Airlines
5016,PLAY Airlines,Not Found,https://gethuman.com/phone-number/PLAY-Airlines
5186,Pegasus Airlines,Not Found,https://gethuman.com/phone-number/Pegasus-Airlines
5469,Porter Airlines,888-619-8622,https://gethuman.com/phone-number/Porter-Airlines
5470,Porter Airlines VIPorter,888-619-8622,https://gethuman.com/phone-number/Porter-Airlines-VIPorter
5719,EL Al Airlines,800-223-6700,https://gethuman.com/phone-number/EL-Al-Airlines
6006,Ethiopian Airlines,800-445-2733,https://gethuman.com/phone-number/Ethiopian-Airlines
6314,United Airlines,800-864-8331,https://gethuman.com/phone-number/United-Airlines
6315,United Airlines MileagePlus,800-421-4655,https://gethuman.com/phone-number/United-Airlines-MileagePlus
6945,Hawaiian Airlines,800-367-5320,https://gethuman.com/phone-number/Hawaiian-Airlines
8110,Royal Jordanian Airlines,212-949-0060,https://gethuman.com/phone-number/Royal-Jordanian-Airlines
8194,Iberia Airlines,800-772-4642,https://gethuman.com/phone-number/Iberia-Airlines
8944,Frontier Airlines,801-401-9000,https://gethuman.com/phone-number/Frontier-Airlines
8986,Fybe Airlines,+44 1392 268500,https://gethuman.com/phone-number/Fybe-Airlines
9136,Scandinavian Airlines (SAS),800-221-2350,https://gethuman.com/phone-number/Scandinavian-Airlines-SAS
9450,Singapore Airlines,833-727-0118,https://gethuman.com/phone-number/Singapore-Airlines
9681,Southwest Airlines,800-435-9792,https://gethuman.com/phone-number/Southwest-Airlines
9740,Spirit Airlines,855-728-3555,https://gethuman.com/phone-number/Spirit-Airlines
9985,Sun Country Airlines,651-905-2737,https://gethuman.com/phone-number/Sun-Country-Airlines
9986,Sun Country Airlines Ufly Rewards,651-905-2737,https://gethuman.com/phone-number/Sun-Country-Airlines-Ufly-Rewards
10097,Swiss Airlines,833-626-0737,https://gethuman.com/phone-number/Swiss-Airlines
10903,Turkish Airlines,+90 212 463 63 63,https://gethuman.com/phone-number/Turkish-Airlines
11234,AirTran Airlines,800-435-9792,https://gethuman.com/phone-number/AirTran-Airlines
11271,Alaska Airlines,800-252-7522,https://gethuman.com/phone-number/Alaska-Airlines
11272,Alaska Airlines Mileage Plan,800-252-7522,https://gethuman.com/phone-number/Alaska-Airlines-Mileage-Plan
11454,American Airlines,800-433-7300,https://gethuman.com/phone-number/American-Airlines
11455,American Airlines (UK),0844 499 7300,https://gethuman.com/phone-number/American-Airlines-UK
11456,American Airlines AAdvantage,Not Found,https://gethuman.com/phone-number/American-Airlines-AAdvantage
11750,Asiana Airlines,800-227-4262,https://gethuman.com/phone-number/Asiana-Airlines
11850,Austrian Airlines,800-843-0002,https://gethuman.com/phone-number/Austrian-Airlines
11892,Avianca Airlines,800-722-8222,https://gethuman.com/phone-number/Avianca-Airlines
12306,Northwest Airlines,Not Found,https://gethuman.com/phone-number/Northwest-Airlines
12307,Northwest Airlines WorldPerks,800-447-3757,https://gethuman.com/phone-number/Northwest-Airlines-WorldPerks
12313,Norwegian Airlines,Not Found,https://gethuman.com/phone-number/Norwegian-Airlines
